season,batsman_runs,balls,strike_rate
2008,165,168,98.21428571428571
2009,246,225,109.33333333333333
2010,307,216,142.12962962962962
2011,557,473,117.75898520084567
2012,364,333,109.30930930930931
2013,639,471,135.66878980891718
2014,359,301,119.26910299003322
2015,505,395,127.84810126582278
2016,973,655,148.54961832061068
2017,308,257,119.8443579766537
